order_id,order_date,order_status,payment_status,seller_id,item_id,line_item_id,title,quantity,line_item_price,order_total,delivery_cost,total_due_seller,currency
08-13452-95051,2025-08-14 19:24:46+00:00,FULFILLED,PAID,luxmielstore,226867086972,10074121033308,Luxmiel Organics Rosemary Mint Scalp & Hair Strengthening Oil Infused w/...,1,9.0,9.0,0.0,7.23,USD
10-13728-37960,2025-10-21 02:54:43+00:00,NOT_STARTED,FULLY_REFUNDED,luxmielstore,226991664030,10076493562610,"Divine Drop Organic Rosemary Oil for Hair Growth,100% Pure Mint Scalp & Hair Oil",1,9.99,9.99,0.0,0.0,USD
13-13729-11126,2025-10-22 04:48:14+00:00,FULFILLED,PAID,luxmielstore,226991664030,10077793531613,"Divine Drop Organic Rosemary Oil for Hair Growth,100% Pure Mint Scalp & Hair Oil",1,9.99,9.99,0.0,8.18,USD
04-13996-06853,2025-12-17 17:01:32+00:00,FULFILLED,PAID,luxmielstore,226991664030,10077706828604,"Divine Drop Organic Rosemary Oil for Hair Growth,100% Pure Mint Scalp & Hair Oil",1,7.99,7.99,0.0,6.41,USD
10-13991-20120,2025-12-18 15:05:02+00:00,FULFILLED,PAID,luxmielstore,226991664030,10078124565610,"Divine Drop Organic Rosemary Oil for Hair Growth,100% Pure Mint Scalp & Hair Oil",1,7.99,7.99,0.0,6.36,USD
20-13991-26123,2025-12-22 10:54:44+00:00,FULFILLED,PAID,luxmielstore,226991664030,10077221512920,"Divine Drop Organic Rosemary Oil for Hair Growth,100% Pure Mint Scalp & Hair Oil",1,7.99,7.99,0.0,6.48,USD
08-14009-03525,2025-12-22 17:02:03+00:00,FULFILLED,PAID,luxmielstore,226991664030,10077296199308,"Divine Drop Organic Rosemary Oil for Hair Growth,100% Pure Mint Scalp & Hair Oil",2,15.98,14.38,0.0,11.65,USD
13-14003-95617,2025-12-23 00:11:25+00:00,FULFILLED,PAID,luxmielstore,226991664030,10079502099513,"Divine Drop Organic Rosemary Oil for Hair Growth,100% Pure Mint Scalp & Hair Oil",1,7.99,7.99,0.0,6.36,USD
04-14029-40473,2025-12-27 02:05:23+00:00,FULFILLED,PAID,luxmielstore,226991664030,10077897338904,"Divine Drop Organic Rosemary Oil for Hair Growth,100% Pure Mint Scalp & Hair Oil",1,8.99,8.99,0.0,7.22,USD
26-14006-50749,2025-12-29 05:38:48+00:00,FULFILLED,PAID,luxmielstore,226991664030,10077195914526,"Divine Drop Organic Rosemary Oil for Hair Growth,100% Pure Mint Scalp & Hair Oil",1,9.99,9.99,0.0,8.18,USD
22-14013-09807,2025-12-29 12:17:17+00:00,FULFILLED,PAID,luxmielstore,226991664030,10077626289322,"Divine Drop Organic Rosemary Oil for Hair Growth,100% Pure Mint Scalp & Hair Oil",1,9.99,9.99,0.0,8.18,USD
07-14039-17334,2025-12-30 11:48:34+00:00,FULFILLED,PAID,luxmielstore,226991664030,10082503440807,"Divine Drop Organic Rosemary Oil for Hair Growth,100% Pure Mint Scalp & Hair Oil",1,9.99,9.99,0.0,7.95,USD
15-14040-72170,2026-01-02 17:51:24+00:00,FULFILLED,PAID,luxmielstore,226991664030,10078445164415,"Divine Drop Organic Rosemary Oil for Hair Growth,100% Pure Mint Scalp & Hair Oil",2,19.98,17.98,0.0,14.59,USD
07-14053-41596,2026-01-02 23:04:38+00:00,FULFILLED,PAID,luxmielstore,226991664030,10082584214407,"Divine Drop Organic Rosemary Oil for Hair Growth,100% Pure Mint Scalp & Hair Oil",1,9.99,9.99,0.0,8.0,USD
06-14057-64336,2026-01-03 17:05:32+00:00,FULFILLED,PAID,luxmielstore,226991664030,10078401628106,"Divine Drop Organic Rosemary Oil for Hair Growth,100% Pure Mint Scalp & Hair Oil",1,9.99,9.99,0.0,8.18,USD
18-14048-06031,2026-01-05 10:45:58+00:00,FULFILLED,PAID,luxmielstore,226991664030,10081518864018,"Divine Drop Organic Rosemary Oil for Hair Growth,100% Pure Mint Scalp & Hair Oil",1,9.99,9.99,0.0,7.93,USD
13-14061-73523,2026-01-06 18:54:11+00:00,FULFILLED,PAID,luxmielstore,226991664030,10079861051813,"Divine Drop Organic Rosemary Oil for Hair Growth,100% Pure Mint Scalp & Hair Oil",1,9.99,9.99,0.0,7.95,USD
20-14052-42716,2026-01-06 22:03:12+00:00,FULFILLED,PAID,luxmielstore,226991664030,10077571491520,"Divine Drop Organic Rosemary Oil for Hair Growth,100% Pure Mint Scalp & Hair Oil",1,9.99,9.99,0.0,7.96,USD
04-14080-22672,2026-01-08 02:50:49+00:00,FULFILLED,PAID,luxmielstore,226991664030,10078188222804,"Divine Drop Organic Rosemary Oil for Hair Growth,100% Pure Mint Scalp & Hair Oil",1,9.99,9.99,0.0,7.95,USD
14-14088-68659,2026-01-13 10:19:42+00:00,FULFILLED,PAID,luxmielstore,226991664030,10078727299614,"Divine Drop Organic Rosemary Oil for Hair Growth,100% Pure Mint Scalp & Hair Oil",2,29.98,26.98,0.0,22.49,USD
18-14102-64241,2026-01-17 20:55:16+00:00,FULFILLED,PAID,luxmielstore,226991664030,10081850225618,"Divine Drop Organic Rosemary Oil for Hair Growth,100% Pure Mint Scalp & Hair Oil",1,14.99,14.99,0.0,12.32,USD
18-14108-84149,2026-01-19 08:27:47+00:00,FULFILLED,PAID,luxmielstore,226991664030,10081889560418,"Divine Drop Organic Rosemary Oil for Hair Growth,100% Pure Mint Scalp & Hair Oil",1,14.99,14.99,0.0,12.32,USD
16-14115-75249,2026-01-20 03:12:35+00:00,FULFILLED,PAID,luxmielstore,226991664030,10078910832416,"Divine Drop Organic Rosemary Oil for Hair Growth,100% Pure Mint Scalp & Hair Oil",1,14.99,14.99,0.0,12.32,USD
05-14165-39875,2026-01-27 20:05:55+00:00,FULFILLED,PAID,luxmielstore,226991664030,10078331905105,"Divine Drop Organic Rosemary Oil for Hair Growth,100% Pure Mint Scalp & Hair Oil",3,44.97,38.22,0.0,31.57,USD
20-14166-47685,2026-02-01 23:05:00+00:00,FULFILLED,PAID,luxmielstore,226991664030,10078227792720,"Divine Drop Organic Rosemary Oil for Hair Growth,100% Pure Mint Scalp & Hair Oil",1,13.99,13.99,0.0,11.47,USD
23-14164-96331,2026-02-02 14:18:49+00:00,FULFILLED,PAID,luxmielstore,226991664030,10078459855023,"Divine Drop Organic Rosemary Oil for Hair Growth,100% Pure Mint Scalp & Hair Oil",1,13.99,13.99,0.0,11.47,USD
16-14209-43652,2026-02-10 04:20:55+00:00,FULFILLED,FULLY_REFUNDED,luxmielstore,226991664030,10079462192616,"Divine Drop Organic Rosemary Oil for Hair Growth,100% Pure Mint Scalp & Hair Oil",1,13.99,13.99,0.0,0.0,USD
03-14229-37930,2026-02-10 15:13:59+00:00,FULFILLED,PAID,luxmielstore,226991664030,10079348166203,"Divine Drop Organic Rosemary Oil for Hair Growth,100% Pure Mint Scalp & Hair Oil",1,12.74,12.74,0.0,10.19,USD
22-14438-82571,2026-04-04 05:14:37+00:00,FULFILLED,PAID,luxmielstore,226991664030,10080064475022,"Divine Drop Organic Rosemary Oil for Hair Growth,100% Pure Mint Scalp & Hair Oil",1,13.99,13.99,0.0,11.31,USD
05-14546-36484,2026-04-22 10:36:44+00:00,FULFILLED,PAID,luxmielstore,226991664030,10080514054405,Rosemary Mint Hair Oil for Hair Growth Scalp Treatment Biotin Strengthening Hair,1,9.99,9.99,0.0,8.18,USD
18-14551-31278,2026-04-28 03:24:07+00:00,FULFILLED,PAID,luxmielstore,227307906290,10084439677318,Divine Drops Rosemary Mint Scalp & Hair Oil 2oz w/ Biotin – Hair Growth & Streng,2,19.98,17.98,0.0,14.59,USD
27-14555-45423,2026-05-02 00:59:35+00:00,FULFILLED,PAID,luxmielstore,226991664030,10084699998327,Rosemary Mint Hair Oil for Hair Growth Scalp Treatment Biotin Strengthening Hair,1,9.99,9.99,0.0,7.99,USD
24-14575-84611,2026-05-02 12:07:45+00:00,FULFILLED,PAID,luxmielstore,226991664030,10080528114124,Rosemary Mint Hair Oil for Hair Growth Scalp Treatment Biotin Strengthening Hair,1,9.99,9.99,0.0,7.93,USD
22-14596-15231,2026-05-09 15:42:08+00:00,FULFILLED,PAID,luxmielstore,226991664030,10080963184822,Rosemary Mint Hair Oil for Hair Growth Scalp Treatment Biotin Strengthening Hair,1,9.99,9.99,0.0,7.96,USD
27-14595-76609,2026-05-11 07:07:44+00:00,FULFILLED,PAID,luxmielstore,226991664030,10084931709627,Rosemary Mint Hair Oil for Hair Growth Scalp Treatment Biotin Strengthening Hair,1,9.99,9.99,0.0,7.97,USD
15-14622-30214,2026-05-13 00:56:55+00:00,FULFILLED,PAID,luxmielstore,226991664030,10081819409215,Rosemary Mint Hair Oil for Hair Growth Scalp Treatment Biotin Strengthening Hair,1,9.99,9.99,0.0,8.0,USD
25-14610-55749,2026-05-13 19:49:26+00:00,FULFILLED,PAID,luxmielstore,227307906290,10080648315525,Divine Drops Rosemary Mint Scalp & Hair Oil 2oz w/ Biotin – Hair Growth & Streng,4,47.96,38.36,0.0,31.83,USD
08-14637-89374,2026-05-14 02:32:46+00:00,FULFILLED,PAID,luxmielstore,226991664030,10080898508508,Rosemary Mint Hair Oil for Hair Growth Scalp Treatment Biotin Strengthening Hair,1,11.99,11.99,0.0,9.58,USD
02-14653-82712,2026-05-15 13:45:52+00:00,FULFILLED,PAID,luxmielstore,226991664030,10081169640602,Rosemary Mint Hair Oil for Hair Growth Scalp Treatment Biotin Strengthening Hair,1,11.99,11.99,0.0,9.77,USD
26-14621-89398,2026-05-16 23:45:21+00:00,FULFILLED,PAID,luxmielstore,227307906290,10080717794026,Divine Drops Rosemary Mint Scalp & Hair Oil 2oz w/ Biotin – Hair Growth & Streng,1,11.99,11.99,0.0,9.77,USD
17-14653-95776,2026-05-21 01:17:36+00:00,FULFILLED,PAID,luxmielstore,227307906290,10082013284617,Divine Drops Rosemary Mint Scalp & Hair Oil 2oz w/ Biotin – Hair Growth & Streng,1,11.99,11.99,0.0,9.63,USD
16-14655-70057,2026-05-21 01:41:16+00:00,FULFILLED,PAID,luxmielstore,226991664030,10082015901816,Rosemary Mint Hair Oil for Hair Growth Scalp Treatment Biotin Strengthening Hair,1,11.99,11.99,0.0,9.66,USD
10-14669-54213,2026-05-22 04:23:52+00:00,FULFILLED,PAID,luxmielstore,226991664030,10082079934710,Rosemary Mint Hair Oil for Hair Growth Scalp Treatment Biotin Strengthening Hair,1,11.99,11.99,0.0,9.58,USD
18-14660-34042,2026-05-22 22:49:24+00:00,FULFILLED,PAID,luxmielstore,226991664030,10085062199918,Rosemary Mint Hair Oil for Hair Growth Scalp Treatment Biotin Strengthening Hair,1,11.99,11.99,0.0,9.77,USD
09-14678-39508,2026-05-24 00:45:31+00:00,FULFILLED,PAID,luxmielstore,226991664030,10081068003509,Rosemary Mint Hair Oil for Hair Growth Scalp Treatment Biotin Strengthening Hair,1,11.99,11.99,0.0,9.77,USD
10-14683-19499,2026-05-25 17:26:03+00:00,FULFILLED,PAID,luxmielstore,226991664030,10082159612710,Rosemary Mint Hair Oil for Hair Growth Scalp Treatment Biotin Strengthening Hair,1,12.99,12.99,0.0,10.4,USD
02-14702-03135,2026-05-26 20:36:45+00:00,FULFILLED,PAID,luxmielstore,226991664030,10081447798502,Rosemary Mint Hair Oil for Hair Growth Scalp Treatment Biotin Strengthening Hair,1,12.99,12.99,0.0,10.47,USD
21-14676-23483,2026-05-28 00:03:06+00:00,FULFILLED,PAID,luxmielstore,226991664030,10086332881421,Rosemary Mint Hair Oil for Hair Growth Scalp Treatment Biotin Strengthening Hair,1,11.69,11.69,0.0,9.52,USD
12-14693-13035,2026-05-28 14:32:35+00:00,FULFILLED,PAID,luxmielstore,226991664030,10082248473712,Rosemary Mint Hair Oil for Hair Growth Scalp Treatment Biotin Strengthening Hair,1,12.99,12.99,0.0,10.62,USD
05-14706-02595,2026-05-28 19:22:53+00:00,FULFILLED,PAID,luxmielstore,226991664030,10081428478905,Rosemary Mint Hair Oil for Hair Growth Scalp Treatment Biotin Strengthening Hair,1,11.69,11.69,0.0,9.35,USD
19-14687-86742,2026-05-29 20:52:38+00:00,FULFILLED,PAID,luxmielstore,226853434499,10082181659819,Luxmiel Organic Rosemary Oil for Hair Growth Biotin Scalp Treatment Mint 60ml,1,13.99,13.99,0.0,11.47,USD
14-14706-31746,2026-06-01 12:03:53+00:00,FULFILLED,PAID,luxmielstore,226991664030,10082287495914,Rosemary Mint Hair Oil for Hair Growth Scalp Treatment Biotin Strengthening Hair,2,27.98,25.18,0.0,20.7,USD
04-14725-67633,2026-06-02 00:07:18+00:00,FULFILLED,PAID,luxmielstore,226991664030,10081888654504,Rosemary Mint Hair Oil for Hair Growth Scalp Treatment Biotin Strengthening Hair,1,13.99,13.99,0.0,11.37,USD
15-14710-11135,2026-06-02 14:54:16+00:00,FULFILLED,PAID,luxmielstore,226991664030,10082323740815,Rosemary Mint Hair Oil for Hair Growth Scalp Treatment Biotin Strengthening Hair,1,12.59,12.59,0.0,10.28,USD
24-14727-10435,2026-06-06 11:35:34+00:00,FULFILLED,PAID,luxmielstore,226991664030,10081393751524,Rosemary Mint Hair Oil for Hair Growth Scalp Treatment Biotin Strengthening Hair,1,13.99,13.99,0.0,11.26,USD
11-14743-41343,2026-06-08 18:45:40+00:00,FULFILLED,PAID,luxmielstore,226991664030,10082563256411,Rosemary Mint Hair Oil for Hair Growth Scalp Treatment Biotin Strengthening Hair,1,12.59,12.59,0.0,10.28,USD
05-14758-85431,2026-06-09 20:28:17+00:00,FULFILLED,PAID,luxmielstore,226991664030,10081731729705,Rosemary Mint Hair Oil for Hair Growth Scalp Treatment Biotin Strengthening Hair,1,13.99,13.99,0.0,11.33,USD
08-14753-45399,2026-06-09 21:52:50+00:00,FULFILLED,PAID,luxmielstore,226991664030,10081562383308,Rosemary Mint Hair Oil for Hair Growth Scalp Treatment Biotin Strengthening Hair,1,12.59,12.59,0.0,10.28,USD
20-14743-53086,2026-06-12 00:51:29+00:00,FULFILLED,PAID,luxmielstore,226991664030,10081530850720,Rosemary Mint Hair Oil for Hair Growth Scalp Treatment Biotin Strengthening Hair,1,13.99,13.99,0.0,11.47,USD
24-14757-07481,2026-06-13 11:11:03+00:00,FULFILLED,PAID,luxmielstore,226991664030,10081564736924,Rosemary Mint Hair Oil for Hair Growth Scalp Treatment Biotin Strengthening Hair,1,13.99,13.99,0.0,11.47,USD
18-14762-35987,2026-06-15 19:34:12+00:00,FULFILLED,PAID,luxmielstore,226991664030,10085647973218,Rosemary Mint Hair Oil for Hair Growth Scalp Treatment Biotin Strengthening Hair,1,13.99,13.99,0.0,11.31,USD
18-14771-23597,2026-06-17 20:19:14+00:00,FULFILLED,PAID,luxmielstore,226991664030,10085698217218,Rosemary Mint Hair Oil for Hair Growth Scalp Treatment Biotin Strengthening Hair,1,13.99,13.99,0.0,11.47,USD
23-14768-44315,2026-06-19 02:05:55+00:00,FULFILLED,PAID,luxmielstore,226991664030,10081912133323,Rosemary Mint Hair Oil for Hair Growth Scalp Treatment Biotin Strengthening Hair,1,13.99,13.99,0.0,11.33,USD
09-14792-36682,2026-06-19 10:53:03+00:00,FULFILLED,PAID,luxmielstore,226991664030,10081721895109,Rosemary Mint Hair Oil for Hair Growth Scalp Treatment Biotin Strengthening Hair,1,13.99,13.99,0.0,11.23,USD
06-14807-65022,2026-06-22 00:09:57+00:00,FULFILLED,PAID,luxmielstore,226991664030,10082700573406,Rosemary Mint Hair Oil for Hair Growth Scalp Treatment Biotin Strengthening Hair,1,13.99,13.99,0.0,11.31,USD
27-14785-97736,2026-06-24 23:28:36+00:00,FULFILLED,PAID,luxmielstore,226991664030,10086019534327,Rosemary Mint Hair Oil for Hair Growth Scalp Treatment Biotin Strengthening Hair,1,13.99,13.99,0.0,11.47,USD
05-14829-63151,2026-06-26 16:18:07+00:00,FULFILLED,PAID,luxmielstore,226991664030,10082137277305,Rosemary Mint Hair Oil for Hair Growth Scalp Treatment Biotin Strengthening Hair,1,13.99,13.99,0.0,11.26,USD
18-14808-19618,2026-06-26 20:18:47+00:00,FULFILLED,PAID,luxmielstore,226991664030,10085909640218,Rosemary Mint Hair Oil for Hair Growth Scalp Treatment Biotin Strengthening Hair,1,13.99,13.99,0.0,11.47,USD
27-14793-62757,2026-06-26 21:24:58+00:00,FULFILLED,PAID,luxmielstore,227307906290,10086063106427,Divine Drops Rosemary Mint Scalp & Hair Oil 2oz w/ Biotin – Hair Growth & Streng,2,27.98,25.18,0.0,20.66,USD
19-14807-28725,2026-06-27 00:38:42+00:00,FULFILLED,PAID,luxmielstore,226991664030,10082865601219,Rosemary Mint Hair Oil for Hair Growth Scalp Treatment Biotin Strengthening Hair,1,13.99,13.99,0.0,11.47,USD
11-14823-26280,2026-06-27 19:14:33+00:00,FULFILLED,PAID,luxmielstore,226991664030,10083020056911,Rosemary Mint Hair Oil for Hair Growth Scalp Treatment Biotin Strengthening Hair,1,13.99,13.99,0.0,11.32,USD
12-14831-97463,2026-06-30 03:31:18+00:00,FULFILLED,PAID,luxmielstore,226991664030,10083044161112,Rosemary Mint Hair Oil for Hair Growth Scalp Treatment Biotin Strengthening Hair,1,13.99,13.99,0.0,11.34,USD
02-14878-40265,2026-07-06 22:57:02+00:00,FULFILLED,PAID,luxmielstore,226991664030,10082459427402,Rosemary Mint Hair Oil for Hair Growth Scalp Treatment Biotin Strengthening Hair,1,13.99,13.99,0.0,11.35,USD
19-14863-12551,2026-07-10 06:48:54+00:00,FULFILLED,PAID,luxmielstore,226991664030,10083184801019,Rosemary Mint Hair Oil for Hair Growth Scalp Treatment Biotin Strengthening Hair,1,13.99,13.99,0.0,11.37,USD
20-14879-06463,2026-07-14 15:35:07+00:00,FULFILLED,PAID,luxmielstore,226991664030,10082306989120,Rosemary Mint Hair Oil for Hair Growth Scalp Treatment Biotin Strengthening Hair,1,13.99,13.99,0.0,11.26,USD
03-14918-84108,2026-07-17 00:53:10+00:00,FULFILLED,PAID,luxmielstore,227307906290,10083298256003,Divine Drops Rosemary Mint Scalp & Hair Oil 2oz w/ Biotin – Hair Growth & Streng,1,13.99,13.99,0.0,11.34,USD
19-14895-36753,2026-07-18 00:53:42+00:00,FULFILLED,PAID,luxmielstore,226991664030,10083368952519,Rosemary Mint Hair Oil for Hair Growth Scalp Treatment Biotin Strengthening Hair,1,13.99,13.99,0.0,11.47,USD
22-14891-06092,2026-07-18 06:23:56+00:00,FULFILLED,PAID,luxmielstore,226991664030,10082650446422,Rosemary Mint Hair Oil for Hair Growth Scalp Treatment Biotin Strengthening Hair,1,13.99,13.99,0.0,11.34,USD
23-14906-06578,2026-07-22 02:02:52+00:00,FULFILLED,PAID,luxmielstore,227307906290,10082699254423,Divine Drops Rosemary Mint Scalp & Hair Oil 2oz w/ Biotin – Hair Growth & Streng,1,13.99,13.99,0.0,11.23,USD
18-14915-56774,2026-07-22 09:29:24+00:00,FULFILLED,PAID,luxmielstore,226991664030,10086523597418,Rosemary Mint Hair Oil for Hair Growth Scalp Treatment Biotin Strengthening Hair,1,12.59,12.59,0.0,10.06,USD
12-14929-89342,2026-07-23 05:02:56+00:00,FULFILLED,PAID,luxmielstore,226991664030,10083603117412,Rosemary Mint Hair Oil for Hair Growth Scalp Treatment Biotin Strengthening Hair,1,13.99,13.99,0.0,11.33,USD
09-14936-25282,2026-07-23 14:03:38+00:00,FULFILLED,PAID,luxmielstore,226991664030,10082545752809,Rosemary Mint Hair Oil for Hair Growth Scalp Treatment Biotin Strengthening Hair,1,13.99,13.99,0.0,11.47,USD
04-14950-47264,2026-07-24 18:26:05+00:00,FULFILLED,PAID,luxmielstore,226991664030,10083176125404,Rosemary Mint Hair Oil for Hair Growth Scalp Treatment Biotin Strengthening Hair,1,13.99,13.99,0.0,11.31,USD
23-14918-58083,2026-07-25 00:37:32+00:00,FULFILLED,PAID,luxmielstore,226991664030,10082769718323,Rosemary Mint Hair Oil for Hair Growth Scalp Treatment Biotin Strengthening Hair,1,13.99,13.99,0.0,11.27,USD
22-14924-58911,2026-07-26 05:31:12+00:00,FULFILLED,PAID,luxmielstore,226991664030,10082841484422,Rosemary Mint Hair Oil for Hair Growth Scalp Treatment Biotin Strengthening Hair,1,13.99,13.99,0.0,11.23,USD
26-14927-46065,2026-07-28 11:42:00+00:00,FULFILLED,PAID,luxmielstore,226991664030,10082465770626,Rosemary Mint Hair Oil for Hair Growth Scalp Treatment Biotin Strengthening Hair,1,13.99,13.99,0.0,11.34,USD
25-14930-45557,2026-07-28 16:49:58+00:00,FULFILLED,PAID,luxmielstore,227307906290,10082478240325,Divine Drops Rosemary Mint Scalp & Hair Oil 2oz w/ Biotin – Hair Growth & Streng,2,27.98,25.18,0.0,20.61,USD
10-14959-20298,2026-07-29 08:51:31+00:00,FULFILLED,PAID,luxmielstore,226991664030,10083738668810,Rosemary Mint Hair Oil for Hair Growth Scalp Treatment Biotin Strengthening Hair,1,13.99,13.99,0.0,11.27,USD
04-14977-49006,2026-07-30 23:29:23+00:00,FULFILLED,PAID,luxmielstore,226991664030,10083330588304,Rosemary Mint Hair Oil for Hair Growth Scalp Treatment Biotin Strengthening Hair,1,13.99,13.99,0.0,11.34,USD
11-14966-82750,2026-07-31 12:40:45+00:00,FULFILLED,PAID,luxmielstore,226991664030,10083841404911,Rosemary Mint Hair Oil for Hair Growth Scalp Treatment Biotin Strengthening Hair,1,13.99,13.99,0.0,11.31,USD
08-14973-07387,2026-07-31 17:30:30+00:00,NOT_STARTED,FULLY_REFUNDED,luxmielstore,226991664030,10082819593808,Rosemary Mint Hair Oil for Hair Growth Scalp Treatment Biotin Strengthening Hair,1,12.59,12.59,0.0,-0.4,USD
20-14955-83370,2026-08-01 16:11:42+00:00,FULFILLED,PAID,luxmielstore,226991664030,10082744309420,Rosemary Mint Hair Oil for Hair Growth Scalp Treatment Biotin Strengthening Hair,2,27.98,25.18,0.0,20.97,USD
04-14999-99773,2026-08-05 01:25:14+00:00,FULFILLED,PAID,luxmielstore,226991664030,10083459536504,Rosemary Mint Hair Oil for Hair Growth Scalp Treatment Biotin Strengthening Hair,1,13.99,13.99,0.0,11.47,USD
17-14999-93682,2026-08-10 11:51:47+00:00,FULFILLED,PAID,luxmielstore,227307906290,10083992085717,Divine Drops Rosemary Mint Scalp & Hair Oil 2oz w/ Biotin – Hair Growth & Streng,1,13.99,13.99,0.0,11.47,USD
14-15007-31278,2026-08-10 19:51:08+00:00,FULFILLED,PAID,luxmielstore,226991664030,10084008109914,Rosemary Mint Hair Oil for Hair Growth Scalp Treatment Biotin Strengthening Hair,1,13.99,13.99,0.0,11.47,USD
27-14999-45483,2026-08-14 03:19:36+00:00,FULFILLED,PAID,luxmielstore,226991664030,10087237097027,Rosemary Mint Hair Oil for Hair Growth Scalp Treatment Biotin Strengthening Hair,1,13.99,13.99,0.0,11.47,USD
